-- phpMyAdmin SQL Dump
-- version 5.2.1
-- https://www.phpmyadmin.net/
--
-- Host: 127.0.0.1
-- Generation Time: Aug 15, 2025 at 03:37 AM
-- Server version: 10.4.32-MariaDB
-- PHP Version: 8.2.12

SET SQL_MODE = "NO_AUTO_VALUE_ON_ZERO";
START TRANSACTION;
SET time_zone = "+00:00";


/*!40101 SET @OLD_CHARACTER_SET_CLIENT=@@CHARACTER_SET_CLIENT */;
/*!40101 SET @OLD_CHARACTER_SET_RESULTS=@@CHARACTER_SET_RESULTS */;
/*!40101 SET @OLD_COLLATION_CONNECTION=@@COLLATION_CONNECTION */;
/*!40101 SET NAMES utf8mb4 */;

--
-- Database: `devo`
--

-- --------------------------------------------------------

--
-- Table structure for table `abnormal_readings`
--

CREATE TABLE `abnormal_readings` (
  `id` bigint(20) UNSIGNED NOT NULL,
  `depo_id` bigint(20) UNSIGNED NOT NULL,
  `nilai_terbaca` varchar(255) NOT NULL,
  `catatan` text NOT NULL,
  `acknowledged_at` timestamp NULL DEFAULT NULL,
  `created_at` timestamp NULL DEFAULT NULL,
  `updated_at` timestamp NULL DEFAULT NULL
) ENGINE=InnoDB DEFAULT CHARSET=utf8mb4 COLLATE=utf8mb4_unicode_ci;

--
-- Dumping data for table `abnormal_readings`
--

INSERT INTO `abnormal_readings` (`id`, `depo_id`, `nilai_terbaca`, `catatan`, `acknowledged_at`, `created_at`, `updated_at`) VALUES
(1, 1, '95', 'Perubahan drastis dari 9.92% menjadi 94.25%.', '2025-08-11 22:58:01', '2025-08-11 20:40:49', '2025-08-11 22:58:01'),
(2, 1, '95', 'Perubahan drastis dari 4.96% menjadi 94.25%.', '2025-08-12 00:34:12', '2025-08-12 00:33:26', '2025-08-12 00:34:12'),
(3, 1, '96', 'Perubahan drastis dari 0.00% menjadi 95.24%.', '2025-08-12 00:44:03', '2025-08-12 00:40:10', '2025-08-12 00:44:03'),
(4, 1, '96', 'Perubahan drastis dari 0.00% menjadi 95.24%.', '2025-08-12 18:54:26', '2025-08-12 18:52:51', '2025-08-12 18:54:26'),
(5, 1, '85', 'Perubahan drastis dari 0.00% menjadi 84.33%.', '2025-08-12 20:47:57', '2025-08-12 20:38:41', '2025-08-12 20:47:57'),
(6, 1, '95', 'Perubahan drastis dari 0.00% menjadi 94.25%.', '2025-08-12 20:47:55', '2025-08-12 20:39:20', '2025-08-12 20:47:55'),
(7, 1, '95', 'Perubahan drastis dari 0.00% menjadi 94.25%.', '2025-08-12 21:31:17', '2025-08-12 21:11:40', '2025-08-12 21:31:17');

-- --------------------------------------------------------

--
-- Table structure for table `cache`
--

CREATE TABLE `cache` (
  `key` varchar(255) NOT NULL,
  `value` mediumtext NOT NULL,
  `expiration` int(11) NOT NULL
) ENGINE=InnoDB DEFAULT CHARSET=utf8mb4 COLLATE=utf8mb4_unicode_ci;

-- --------------------------------------------------------

--
-- Table structure for table `cache_locks`
--

CREATE TABLE `cache_locks` (
  `key` varchar(255) NOT NULL,
  `owner` varchar(255) NOT NULL,
  `expiration` int(11) NOT NULL
) ENGINE=InnoDB DEFAULT CHARSET=utf8mb4 COLLATE=utf8mb4_unicode_ci;

-- --------------------------------------------------------

--
-- Table structure for table `depos`
--

CREATE TABLE `depos` (
  `id` bigint(20) UNSIGNED NOT NULL,
  `nama_depo` varchar(255) NOT NULL,
  `lokasi` text NOT NULL,
  `panjang` decimal(8,2) NOT NULL,
  `lebar` decimal(8,2) NOT NULL,
  `tinggi` decimal(8,2) NOT NULL,
  `jumlah_sensor` int(11) NOT NULL,
  `jumlah_esp` int(11) NOT NULL,
  `volume_maksimal` decimal(10,2) NOT NULL,
  `volume_saat_ini` decimal(10,2) NOT NULL DEFAULT 0.00,
  `persentase_volume` decimal(5,2) NOT NULL DEFAULT 0.00,
  `status` enum('normal','warning','critical') NOT NULL DEFAULT 'normal',
  `waktu_kritis` timestamp NULL DEFAULT NULL,
  `led_status` tinyint(1) NOT NULL DEFAULT 0,
  `last_updated` timestamp NULL DEFAULT NULL,
  `is_active` tinyint(1) NOT NULL DEFAULT 1,
  `created_at` timestamp NULL DEFAULT NULL,
  `updated_at` timestamp NULL DEFAULT NULL
) ENGINE=InnoDB DEFAULT CHARSET=utf8mb4 COLLATE=utf8mb4_unicode_ci;

--
-- Dumping data for table `depos`
--

INSERT INTO `depos` (`id`, `nama_depo`, `lokasi`, `panjang`, `lebar`, `tinggi`, `jumlah_sensor`, `jumlah_esp`, `volume_maksimal`, `volume_saat_ini`, `persentase_volume`, `status`, `waktu_kritis`, `led_status`, `last_updated`, `is_active`, `created_at`, `updated_at`) VALUES
(1, 'Depo Merah', 'Jl. Sudirman No. 12, Jakarta Pusat', 7.00, 4.50, 3.20, 4, 2, 100.80, 0.00, 0.00, 'normal', NULL, 0, '2025-08-12 00:38:36', 1, '2025-08-11 00:56:24', '2025-08-12 00:38:36'),
(2, 'Depo Kuning', 'Jl. Thamrin No. 89, Jakarta Barat', 6.00, 5.00, 3.00, 4, 2, 90.00, 84.60, 94.00, 'critical', NULL, 1, '2025-08-11 00:56:25', 1, '2025-08-11 00:56:24', '2025-08-11 00:56:25'),
(3, 'Depo Hijau', 'Jl. Gatot Subroto No. 45, Jakarta Selatan', 8.00, 5.00, 3.50, 6, 3, 140.00, 128.80, 92.00, 'critical', NULL, 1, '2025-08-11 00:56:26', 1, '2025-08-11 00:56:24', '2025-08-11 00:56:26'),
(4, 'Depo Kartoharjo', 'Jl. Halmahera No. 84 B Kota Madiun', 10.00, 5.00, 10.00, 13, 4, 500.00, 0.00, 0.00, 'normal', NULL, 0, NULL, 1, '2025-08-12 19:40:36', '2025-08-12 20:58:32'),
(6, 'Depo Balung', 'Jl. Ir Jendral Wito', 5.00, 5.00, 5.00, 7, 2, 125.00, 0.00, 0.00, 'normal', NULL, 0, NULL, 1, '2025-08-13 00:09:41', '2025-08-13 00:09:41'),
(7, 'Depo Madiun', 'Jl. Doho', 10.00, 15.00, 10.00, 38, 10, 1500.00, 0.00, 0.00, 'normal', NULL, 0, NULL, 1, '2025-08-14 00:32:29', '2025-08-14 00:32:29');

-- --------------------------------------------------------

--
-- Table structure for table `failed_jobs`
--

CREATE TABLE `failed_jobs` (
  `id` bigint(20) UNSIGNED NOT NULL,
  `uuid` varchar(255) NOT NULL,
  `connection` text NOT NULL,
  `queue` text NOT NULL,
  `payload` longtext NOT NULL,
  `exception` longtext NOT NULL,
  `failed_at` timestamp NOT NULL DEFAULT current_timestamp()
) ENGINE=InnoDB DEFAULT CHARSET=utf8mb4 COLLATE=utf8mb4_unicode_ci;

-- --------------------------------------------------------

--
-- Table structure for table `jobs`
--

CREATE TABLE `jobs` (
  `id` bigint(20) UNSIGNED NOT NULL,
  `queue` varchar(255) NOT NULL,
  `payload` longtext NOT NULL,
  `attempts` tinyint(3) UNSIGNED NOT NULL,
  `reserved_at` int(10) UNSIGNED DEFAULT NULL,
  `available_at` int(10) UNSIGNED NOT NULL,
  `created_at` int(10) UNSIGNED NOT NULL
) ENGINE=InnoDB DEFAULT CHARSET=utf8mb4 COLLATE=utf8mb4_unicode_ci;

-- --------------------------------------------------------

--
-- Table structure for table `job_batches`
--

CREATE TABLE `job_batches` (
  `id` varchar(255) NOT NULL,
  `name` varchar(255) NOT NULL,
  `total_jobs` int(11) NOT NULL,
  `pending_jobs` int(11) NOT NULL,
  `failed_jobs` int(11) NOT NULL,
  `failed_job_ids` longtext NOT NULL,
  `options` mediumtext DEFAULT NULL,
  `cancelled_at` int(11) DEFAULT NULL,
  `created_at` int(11) NOT NULL,
  `finished_at` int(11) DEFAULT NULL
) ENGINE=InnoDB DEFAULT CHARSET=utf8mb4 COLLATE=utf8mb4_unicode_ci;

-- --------------------------------------------------------

--
-- Table structure for table `migrations`
--

CREATE TABLE `migrations` (
  `id` int(10) UNSIGNED NOT NULL,
  `migration` varchar(255) NOT NULL,
  `batch` int(11) NOT NULL
) ENGINE=InnoDB DEFAULT CHARSET=utf8mb4 COLLATE=utf8mb4_unicode_ci;

--
-- Dumping data for table `migrations`
--

INSERT INTO `migrations` (`id`, `migration`, `batch`) VALUES
(1, '0001_01_01_000000_create_users_table', 1),
(2, '0001_01_01_000001_create_cache_table', 1),
(3, '0001_01_01_000002_create_jobs_table', 1),
(4, '2025_08_03_054820_create_depos_table', 1),
(5, '2025_08_03_055535_create_sensor_readings_table', 1),
(6, '2025_08_03_055642_create_reports_table', 1),
(7, '2025_08_03_055738_create_notifications_table', 1),
(8, '2025_08_03_055828_create_volume_history_table', 1),
(9, '2025_08_03_165040_add_report_id_to_reports_table', 1),
(10, '2025_08_07_040026_create_personal_access_tokens_table', 1),
(11, '2025_08_12_025049_add_waktu_kritis_to_depos_table', 2),
(12, '2025_08_12_031925_create_abnormal_readings_table', 3),
(13, '2025_08_12_040546_add_acknowledged_at_to_abnormal_readings_table', 4);

-- --------------------------------------------------------

--
-- Table structure for table `notifications`
--

CREATE TABLE `notifications` (
  `id` bigint(20) UNSIGNED NOT NULL,
  `type` varchar(255) NOT NULL,
  `data` longtext CHARACTER SET utf8mb4 COLLATE utf8mb4_bin NOT NULL CHECK (json_valid(`data`)),
  `created_at` timestamp NOT NULL DEFAULT current_timestamp() ON UPDATE current_timestamp(),
  `is_read` tinyint(1) NOT NULL DEFAULT 0,
  `target_audience` varchar(255) NOT NULL DEFAULT 'admin'
) ENGINE=InnoDB DEFAULT CHARSET=utf8mb4 COLLATE=utf8mb4_unicode_ci;

-- --------------------------------------------------------

--
-- Table structure for table `personal_access_tokens`
--

CREATE TABLE `personal_access_tokens` (
  `id` bigint(20) UNSIGNED NOT NULL,
  `tokenable_type` varchar(255) NOT NULL,
  `tokenable_id` bigint(20) UNSIGNED NOT NULL,
  `name` text NOT NULL,
  `token` varchar(64) NOT NULL,
  `abilities` text DEFAULT NULL,
  `last_used_at` timestamp NULL DEFAULT NULL,
  `expires_at` timestamp NULL DEFAULT NULL,
  `created_at` timestamp NULL DEFAULT NULL,
  `updated_at` timestamp NULL DEFAULT NULL
) ENGINE=InnoDB DEFAULT CHARSET=utf8mb4 COLLATE=utf8mb4_unicode_ci;

-- --------------------------------------------------------

--
-- Table structure for table `reports`
--

CREATE TABLE `reports` (
  `id` bigint(20) UNSIGNED NOT NULL,
  `report_id` varchar(255) NOT NULL,
  `depo_id` bigint(20) UNSIGNED NOT NULL,
  `tanggal_laporan` date NOT NULL,
  `kategori` enum('overload','kerusakan_sensor','sampah_berserakan','bau_tidak_sedap','lainnya') NOT NULL,
  `deskripsi` text NOT NULL,
  `status` enum('pending','in_progress','resolved','rejected') NOT NULL DEFAULT 'pending',
  `admin_response` text DEFAULT NULL,
  `resolved_at` timestamp NULL DEFAULT NULL,
  `created_at` timestamp NULL DEFAULT NULL,
  `updated_at` timestamp NULL DEFAULT NULL
) ENGINE=InnoDB DEFAULT CHARSET=utf8mb4 COLLATE=utf8mb4_unicode_ci;

--
-- Dumping data for table `reports`
--

INSERT INTO `reports` (`id`, `report_id`, `depo_id`, `tanggal_laporan`, `kategori`, `deskripsi`, `status`, `admin_response`, `resolved_at`, `created_at`, `updated_at`) VALUES
(1, 'RPT-2025-001', 1, '2025-08-06', 'overload', 'Volume melebihi kapasitas maksimal.', 'resolved', NULL, '2025-08-11 01:05:21', '2025-08-06 00:56:26', '2025-08-11 01:05:21'),
(2, 'RPT-2025-002', 1, '2025-08-08', 'kerusakan_sensor', 'Sensor tidak mengirim data.', 'resolved', NULL, '2025-08-13 00:29:20', '2025-08-08 00:56:26', '2025-08-13 00:29:20'),
(3, 'RPT-2025-003', 3, '2025-08-01', 'sampah_berserakan', 'Sampah ditemukan di luar depo.', 'resolved', NULL, '2025-08-11 19:30:33', '2025-08-01 00:56:26', '2025-08-11 19:30:33');

-- --------------------------------------------------------

--
-- Table structure for table `sensor_readings`
--

CREATE TABLE `sensor_readings` (
  `id` bigint(20) UNSIGNED NOT NULL,
  `depo_id` bigint(20) UNSIGNED NOT NULL,
  `esp_id` varchar(255) NOT NULL,
  `volume` decimal(8,4) NOT NULL,
  `reading_time` timestamp NOT NULL DEFAULT current_timestamp() ON UPDATE current_timestamp(),
  `created_at` timestamp NULL DEFAULT NULL,
  `updated_at` timestamp NULL DEFAULT NULL
) ENGINE=InnoDB DEFAULT CHARSET=utf8mb4 COLLATE=utf8mb4_unicode_ci;

--
-- Dumping data for table `sensor_readings`
--

INSERT INTO `sensor_readings` (`id`, `depo_id`, `esp_id`, `volume`, `reading_time`, `created_at`, `updated_at`) VALUES
(1, 1, 'ESP32_1_1', 76.6080, '2025-08-10 00:56:24', '2025-08-11 00:56:24', '2025-08-11 00:56:24'),
(2, 1, 'ESP32_1_1', 92.7360, '2025-08-10 01:56:24', '2025-08-11 00:56:24', '2025-08-11 00:56:24'),
(3, 1, 'ESP32_1_1', 69.5520, '2025-08-10 02:56:24', '2025-08-11 00:56:24', '2025-08-11 00:56:24'),
(4, 1, 'ESP32_1_1', 99.7920, '2025-08-10 03:56:24', '2025-08-11 00:56:24', '2025-08-11 00:56:24'),
(5, 1, 'ESP32_1_1', 74.5920, '2025-08-10 04:56:24', '2025-08-11 00:56:24', '2025-08-11 00:56:24'),
(6, 1, 'ESP32_1_1', 87.6960, '2025-08-10 05:56:24', '2025-08-11 00:56:24', '2025-08-11 00:56:24'),
(7, 1, 'ESP32_1_1', 68.5440, '2025-08-10 06:56:24', '2025-08-11 00:56:24', '2025-08-11 00:56:24'),
(8, 1, 'ESP32_1_1', 85.6800, '2025-08-10 07:56:24', '2025-08-11 00:56:24', '2025-08-11 00:56:24'),
(9, 1, 'ESP32_1_1', 74.5920, '2025-08-10 08:56:24', '2025-08-11 00:56:24', '2025-08-11 00:56:24'),
(10, 1, 'ESP32_1_1', 57.4560, '2025-08-10 09:56:24', '2025-08-11 00:56:24', '2025-08-11 00:56:24'),
(11, 1, 'ESP32_1_1', 93.7440, '2025-08-10 10:56:24', '2025-08-11 00:56:24', '2025-08-11 00:56:24'),
(12, 1, 'ESP32_1_1', 50.4000, '2025-08-10 11:56:24', '2025-08-11 00:56:24', '2025-08-11 00:56:24'),
(13, 1, 'ESP32_1_1', 57.4560, '2025-08-10 12:56:24', '2025-08-11 00:56:24', '2025-08-11 00:56:24'),
(14, 1, 'ESP32_1_1', 72.5760, '2025-08-10 13:56:24', '2025-08-11 00:56:24', '2025-08-11 00:56:24'),
(15, 1, 'ESP32_1_1', 88.7040, '2025-08-10 14:56:24', '2025-08-11 00:56:24', '2025-08-11 00:56:24'),
(16, 1, 'ESP32_1_1', 74.5920, '2025-08-10 15:56:24', '2025-08-11 00:56:24', '2025-08-11 00:56:24'),
(17, 1, 'ESP32_1_1', 88.7040, '2025-08-10 16:56:24', '2025-08-11 00:56:24', '2025-08-11 00:56:24'),
(18, 1, 'ESP32_1_1', 59.4720, '2025-08-10 17:56:24', '2025-08-11 00:56:24', '2025-08-11 00:56:24'),
(19, 1, 'ESP32_1_1', 84.6720, '2025-08-10 18:56:24', '2025-08-11 00:56:24', '2025-08-11 00:56:24'),
(20, 1, 'ESP32_1_1', 89.7120, '2025-08-10 19:56:24', '2025-08-11 00:56:24', '2025-08-11 00:56:24'),
(21, 1, 'ESP32_1_1', 75.6000, '2025-08-10 20:56:24', '2025-08-11 00:56:24', '2025-08-11 00:56:24'),
(22, 1, 'ESP32_1_1', 65.5200, '2025-08-10 21:56:24', '2025-08-11 00:56:24', '2025-08-11 00:56:24'),
(23, 1, 'ESP32_1_1', 78.6240, '2025-08-10 22:56:24', '2025-08-11 00:56:24', '2025-08-11 00:56:24'),
(24, 1, 'ESP32_1_1', 73.5840, '2025-08-10 23:56:24', '2025-08-11 00:56:24', '2025-08-11 00:56:24'),
(25, 1, 'ESP32_1_1', 97.7760, '2025-08-11 00:56:24', '2025-08-11 00:56:24', '2025-08-11 00:56:24'),
(26, 1, 'ESP32_1_2', 72.5760, '2025-08-10 00:56:24', '2025-08-11 00:56:24', '2025-08-11 00:56:24'),
(27, 1, 'ESP32_1_2', 96.7680, '2025-08-10 01:56:24', '2025-08-11 00:56:24', '2025-08-11 00:56:24'),
(28, 1, 'ESP32_1_2', 96.7680, '2025-08-10 02:56:24', '2025-08-11 00:56:24', '2025-08-11 00:56:24'),
(29, 1, 'ESP32_1_2', 52.4160, '2025-08-10 03:56:24', '2025-08-11 00:56:24', '2025-08-11 00:56:24'),
(30, 1, 'ESP32_1_2', 83.6640, '2025-08-10 04:56:24', '2025-08-11 00:56:24', '2025-08-11 00:56:24'),
(31, 1, 'ESP32_1_2', 69.5520, '2025-08-10 05:56:24', '2025-08-11 00:56:24', '2025-08-11 00:56:24'),
(32, 1, 'ESP32_1_2', 84.6720, '2025-08-10 06:56:24', '2025-08-11 00:56:24', '2025-08-11 00:56:24'),
(33, 1, 'ESP32_1_2', 57.4560, '2025-08-10 07:56:24', '2025-08-11 00:56:24', '2025-08-11 00:56:24'),
(34, 1, 'ESP32_1_2', 97.7760, '2025-08-10 08:56:24', '2025-08-11 00:56:24', '2025-08-11 00:56:24'),
(35, 1, 'ESP32_1_2', 71.5680, '2025-08-10 09:56:24', '2025-08-11 00:56:24', '2025-08-11 00:56:24'),
(36, 1, 'ESP32_1_2', 57.4560, '2025-08-10 10:56:24', '2025-08-11 00:56:24', '2025-08-11 00:56:24'),
(37, 1, 'ESP32_1_2', 52.4160, '2025-08-10 11:56:24', '2025-08-11 00:56:24', '2025-08-11 00:56:24'),
(38, 1, 'ESP32_1_2', 57.4560, '2025-08-10 12:56:24', '2025-08-11 00:56:24', '2025-08-11 00:56:24'),
(39, 1, 'ESP32_1_2', 90.7200, '2025-08-10 13:56:24', '2025-08-11 00:56:24', '2025-08-11 00:56:24'),
(40, 1, 'ESP32_1_2', 51.4080, '2025-08-10 14:56:24', '2025-08-11 00:56:24', '2025-08-11 00:56:24'),
(41, 1, 'ESP32_1_2', 73.5840, '2025-08-10 15:56:24', '2025-08-11 00:56:24', '2025-08-11 00:56:24'),
(42, 1, 'ESP32_1_2', 94.7520, '2025-08-10 16:56:24', '2025-08-11 00:56:24', '2025-08-11 00:56:24'),
(43, 1, 'ESP32_1_2', 88.7040, '2025-08-10 17:56:24', '2025-08-11 00:56:24', '2025-08-11 00:56:24'),
(44, 1, 'ESP32_1_2', 84.6720, '2025-08-10 18:56:24', '2025-08-11 00:56:24', '2025-08-11 00:56:24'),
(45, 1, 'ESP32_1_2', 72.5760, '2025-08-10 19:56:24', '2025-08-11 00:56:24', '2025-08-11 00:56:24'),
(46, 1, 'ESP32_1_2', 65.5200, '2025-08-10 20:56:24', '2025-08-11 00:56:24', '2025-08-11 00:56:24'),
(47, 1, 'ESP32_1_2', 66.5280, '2025-08-10 21:56:24', '2025-08-11 00:56:24', '2025-08-11 00:56:24'),
(48, 1, 'ESP32_1_2', 64.5120, '2025-08-10 22:56:24', '2025-08-11 00:56:24', '2025-08-11 00:56:24'),
(49, 1, 'ESP32_1_2', 51.4080, '2025-08-10 23:56:24', '2025-08-11 00:56:24', '2025-08-11 00:56:24'),
(50, 1, 'ESP32_1_2', 50.4000, '2025-08-11 00:56:24', '2025-08-11 00:56:24', '2025-08-11 00:56:24'),
(51, 1, 'ESP32_1_1', 80.6400, '2025-08-10 00:56:25', '2025-08-11 00:56:25', '2025-08-11 00:56:25'),
(52, 1, 'ESP32_1_1', 78.6240, '2025-08-10 01:56:25', '2025-08-11 00:56:25', '2025-08-11 00:56:25'),
(53, 1, 'ESP32_1_1', 53.4240, '2025-08-10 02:56:25', '2025-08-11 00:56:25', '2025-08-11 00:56:25'),
(54, 1, 'ESP32_1_1', 100.8000, '2025-08-10 03:56:25', '2025-08-11 00:56:25', '2025-08-11 00:56:25'),
(55, 1, 'ESP32_1_1', 94.7520, '2025-08-10 04:56:25', '2025-08-11 00:56:25', '2025-08-11 00:56:25'),
(56, 1, 'ESP32_1_1', 98.7840, '2025-08-10 05:56:25', '2025-08-11 00:56:25', '2025-08-11 00:56:25'),
(57, 1, 'ESP32_1_1', 79.6320, '2025-08-10 06:56:25', '2025-08-11 00:56:25', '2025-08-11 00:56:25'),
(58, 1, 'ESP32_1_1', 88.7040, '2025-08-10 07:56:25', '2025-08-11 00:56:25', '2025-08-11 00:56:25'),
(59, 1, 'ESP32_1_1', 73.5840, '2025-08-10 08:56:25', '2025-08-11 00:56:25', '2025-08-11 00:56:25'),
(60, 1, 'ESP32_1_1', 64.5120, '2025-08-10 09:56:25', '2025-08-11 00:56:25', '2025-08-11 00:56:25'),
(61, 1, 'ESP32_1_1', 78.6240, '2025-08-10 10:56:25', '2025-08-11 00:56:25', '2025-08-11 00:56:25'),
(62, 1, 'ESP32_1_1', 91.7280, '2025-08-10 11:56:25', '2025-08-11 00:56:25', '2025-08-11 00:56:25'),
(63, 1, 'ESP32_1_1', 87.6960, '2025-08-10 12:56:25', '2025-08-11 00:56:25', '2025-08-11 00:56:25'),
(64, 1, 'ESP32_1_1', 60.4800, '2025-08-10 13:56:25', '2025-08-11 00:56:25', '2025-08-11 00:56:25'),
(65, 1, 'ESP32_1_1', 79.6320, '2025-08-10 14:56:25', '2025-08-11 00:56:25', '2025-08-11 00:56:25'),
(66, 1, 'ESP32_1_1', 90.7200, '2025-08-10 15:56:25', '2025-08-11 00:56:25', '2025-08-11 00:56:25'),
(67, 1, 'ESP32_1_1', 52.4160, '2025-08-10 16:56:25', '2025-08-11 00:56:25', '2025-08-11 00:56:25'),
(68, 1, 'ESP32_1_1', 93.7440, '2025-08-10 17:56:25', '2025-08-11 00:56:25', '2025-08-11 00:56:25'),
(69, 1, 'ESP32_1_1', 58.4640, '2025-08-10 18:56:25', '2025-08-11 00:56:25', '2025-08-11 00:56:25'),
(70, 1, 'ESP32_1_1', 54.4320, '2025-08-10 19:56:25', '2025-08-11 00:56:25', '2025-08-11 00:56:25'),
(71, 1, 'ESP32_1_1', 96.7680, '2025-08-10 20:56:25', '2025-08-11 00:56:25', '2025-08-11 00:56:25'),
(72, 1, 'ESP32_1_1', 63.5040, '2025-08-10 21:56:25', '2025-08-11 00:56:25', '2025-08-11 00:56:25'),
(73, 1, 'ESP32_1_1', 88.7040, '2025-08-10 22:56:25', '2025-08-11 00:56:25', '2025-08-11 00:56:25'),
(74, 1, 'ESP32_1_1', 89.7120, '2025-08-10 23:56:25', '2025-08-11 00:56:25', '2025-08-11 00:56:25'),
(75, 1, 'ESP32_1_1', 85.6800, '2025-08-11 00:56:25', '2025-08-11 00:56:25', '2025-08-11 00:56:25'),
(76, 2, 'ESP32_2_1', 85.5000, '2025-08-10 00:56:25', '2025-08-11 00:56:25', '2025-08-11 00:56:25'),
(77, 2, 'ESP32_2_1', 81.0000, '2025-08-10 01:56:25', '2025-08-11 00:56:25', '2025-08-11 00:56:25'),
(78, 2, 'ESP32_2_1', 49.5000, '2025-08-10 02:56:25', '2025-08-11 00:56:25', '2025-08-11 00:56:25'),
(79, 2, 'ESP32_2_1', 65.7000, '2025-08-10 03:56:25', '2025-08-11 00:56:25', '2025-08-11 00:56:25'),
(80, 2, 'ESP32_2_1', 55.8000, '2025-08-10 04:56:25', '2025-08-11 00:56:25', '2025-08-11 00:56:25'),
(81, 2, 'ESP32_2_1', 52.2000, '2025-08-10 05:56:25', '2025-08-11 00:56:25', '2025-08-11 00:56:25'),
(82, 2, 'ESP32_2_1', 79.2000, '2025-08-10 06:56:25', '2025-08-11 00:56:25', '2025-08-11 00:56:25'),
(83, 2, 'ESP32_2_1', 60.3000, '2025-08-10 07:56:25', '2025-08-11 00:56:25', '2025-08-11 00:56:25'),
(84, 2, 'ESP32_2_1', 67.5000, '2025-08-10 08:56:25', '2025-08-11 00:56:25', '2025-08-11 00:56:25'),
(85, 2, 'ESP32_2_1', 58.5000, '2025-08-10 09:56:25', '2025-08-11 00:56:25', '2025-08-11 00:56:25'),
(86, 2, 'ESP32_2_1', 88.2000, '2025-08-10 10:56:25', '2025-08-11 00:56:25', '2025-08-11 00:56:25'),
(87, 2, 'ESP32_2_1', 83.7000, '2025-08-10 11:56:25', '2025-08-11 00:56:25', '2025-08-11 00:56:25'),
(88, 2, 'ESP32_2_1', 90.0000, '2025-08-10 12:56:25', '2025-08-11 00:56:25', '2025-08-11 00:56:25'),
(89, 2, 'ESP32_2_1', 62.1000, '2025-08-10 13:56:25', '2025-08-11 00:56:25', '2025-08-11 00:56:25'),
(90, 2, 'ESP32_2_1', 65.7000, '2025-08-10 14:56:25', '2025-08-11 00:56:25', '2025-08-11 00:56:25'),
(91, 2, 'ESP32_2_1', 80.1000, '2025-08-10 15:56:25', '2025-08-11 00:56:25', '2025-08-11 00:56:25'),
(92, 2, 'ESP32_2_1', 46.8000, '2025-08-10 16:56:25', '2025-08-11 00:56:25', '2025-08-11 00:56:25'),
(93, 2, 'ESP32_2_1', 63.9000, '2025-08-10 17:56:25', '2025-08-11 00:56:25', '2025-08-11 00:56:25'),
(94, 2, 'ESP32_2_1', 83.7000, '2025-08-10 18:56:25', '2025-08-11 00:56:25', '2025-08-11 00:56:25'),
(95, 2, 'ESP32_2_1', 64.8000, '2025-08-10 19:56:25', '2025-08-11 00:56:25', '2025-08-11 00:56:25'),
(96, 2, 'ESP32_2_1', 55.8000, '2025-08-10 20:56:25', '2025-08-11 00:56:25', '2025-08-11 00:56:25'),
(97, 2, 'ESP32_2_1', 85.5000, '2025-08-10 21:56:25', '2025-08-11 00:56:25', '2025-08-11 00:56:25'),
(98, 2, 'ESP32_2_1', 64.8000, '2025-08-10 22:56:25', '2025-08-11 00:56:25', '2025-08-11 00:56:25'),
(99, 2, 'ESP32_2_1', 67.5000, '2025-08-10 23:56:25', '2025-08-11 00:56:25', '2025-08-11 00:56:25'),
(100, 2, 'ESP32_2_1', 76.5000, '2025-08-11 00:56:25', '2025-08-11 00:56:25', '2025-08-11 00:56:25'),
(101, 2, 'ESP32_2_2', 45.0000, '2025-08-10 00:56:25', '2025-08-11 00:56:25', '2025-08-11 00:56:25'),
(102, 2, 'ESP32_2_2', 87.3000, '2025-08-10 01:56:25', '2025-08-11 00:56:25', '2025-08-11 00:56:25'),
(103, 2, 'ESP32_2_2', 63.9000, '2025-08-10 02:56:25', '2025-08-11 00:56:25', '2025-08-11 00:56:25'),
(104, 2, 'ESP32_2_2', 85.5000, '2025-08-10 03:56:25', '2025-08-11 00:56:25', '2025-08-11 00:56:25'),
(105, 2, 'ESP32_2_2', 75.6000, '2025-08-10 04:56:25', '2025-08-11 00:56:25', '2025-08-11 00:56:25'),
(106, 2, 'ESP32_2_2', 65.7000, '2025-08-10 05:56:25', '2025-08-11 00:56:25', '2025-08-11 00:56:25'),
(107, 2, 'ESP32_2_2', 57.6000, '2025-08-10 06:56:25', '2025-08-11 00:56:25', '2025-08-11 00:56:25'),
(108, 2, 'ESP32_2_2', 84.6000, '2025-08-10 07:56:25', '2025-08-11 00:56:25', '2025-08-11 00:56:25'),
(109, 2, 'ESP32_2_2', 77.4000, '2025-08-10 08:56:25', '2025-08-11 00:56:25', '2025-08-11 00:56:25'),
(110, 2, 'ESP32_2_2', 80.1000, '2025-08-10 09:56:25', '2025-08-11 00:56:25', '2025-08-11 00:56:25'),
(111, 2, 'ESP32_2_2', 75.6000, '2025-08-10 10:56:25', '2025-08-11 00:56:25', '2025-08-11 00:56:25'),
(112, 2, 'ESP32_2_2', 54.0000, '2025-08-10 11:56:25', '2025-08-11 00:56:25', '2025-08-11 00:56:25'),
(113, 2, 'ESP32_2_2', 51.3000, '2025-08-10 12:56:25', '2025-08-11 00:56:25', '2025-08-11 00:56:25'),
(114, 2, 'ESP32_2_2', 72.0000, '2025-08-10 13:56:25', '2025-08-11 00:56:25', '2025-08-11 00:56:25'),
(115, 2, 'ESP32_2_2', 81.0000, '2025-08-10 14:56:25', '2025-08-11 00:56:25', '2025-08-11 00:56:25'),
(116, 2, 'ESP32_2_2', 80.1000, '2025-08-10 15:56:25', '2025-08-11 00:56:25', '2025-08-11 00:56:25'),
(117, 2, 'ESP32_2_2', 75.6000, '2025-08-10 16:56:25', '2025-08-11 00:56:25', '2025-08-11 00:56:25'),
(118, 2, 'ESP32_2_2', 57.6000, '2025-08-10 17:56:25', '2025-08-11 00:56:25', '2025-08-11 00:56:25'),
(119, 2, 'ESP32_2_2', 65.7000, '2025-08-10 18:56:25', '2025-08-11 00:56:25', '2025-08-11 00:56:25'),
(120, 2, 'ESP32_2_2', 59.4000, '2025-08-10 19:56:25', '2025-08-11 00:56:25', '2025-08-11 00:56:25'),
(121, 2, 'ESP32_2_2', 90.0000, '2025-08-10 20:56:25', '2025-08-11 00:56:25', '2025-08-11 00:56:25'),
(122, 2, 'ESP32_2_2', 82.8000, '2025-08-10 21:56:25', '2025-08-11 00:56:25', '2025-08-11 00:56:25'),
(123, 2, 'ESP32_2_2', 80.1000, '2025-08-10 22:56:25', '2025-08-11 00:56:25', '2025-08-11 00:56:25'),
(124, 2, 'ESP32_2_2', 79.2000, '2025-08-10 23:56:25', '2025-08-11 00:56:25', '2025-08-11 00:56:25'),
(125, 2, 'ESP32_2_2', 85.5000, '2025-08-11 00:56:25', '2025-08-11 00:56:25', '2025-08-11 00:56:25'),
(126, 2, 'ESP32_2_1', 54.9000, '2025-08-10 00:56:25', '2025-08-11 00:56:25', '2025-08-11 00:56:25'),
(127, 2, 'ESP32_2_1', 85.5000, '2025-08-10 01:56:25', '2025-08-11 00:56:25', '2025-08-11 00:56:25'),
(128, 2, 'ESP32_2_1', 75.6000, '2025-08-10 02:56:25', '2025-08-11 00:56:25', '2025-08-11 00:56:25'),
(129, 2, 'ESP32_2_1', 45.9000, '2025-08-10 03:56:25', '2025-08-11 00:56:25', '2025-08-11 00:56:25'),
(130, 2, 'ESP32_2_1', 63.9000, '2025-08-10 04:56:25', '2025-08-11 00:56:25', '2025-08-11 00:56:25'),
(131, 2, 'ESP32_2_1', 72.9000, '2025-08-10 05:56:25', '2025-08-11 00:56:25', '2025-08-11 00:56:25'),
(132, 2, 'ESP32_2_1', 65.7000, '2025-08-10 06:56:25', '2025-08-11 00:56:25', '2025-08-11 00:56:25'),
(133, 2, 'ESP32_2_1', 56.7000, '2025-08-10 07:56:25', '2025-08-11 00:56:25', '2025-08-11 00:56:25'),
(134, 2, 'ESP32_2_1', 50.4000, '2025-08-10 08:56:25', '2025-08-11 00:56:25', '2025-08-11 00:56:25'),
(135, 2, 'ESP32_2_1', 57.6000, '2025-08-10 09:56:25', '2025-08-11 00:56:25', '2025-08-11 00:56:25'),
(136, 2, 'ESP32_2_1', 51.3000, '2025-08-10 10:56:25', '2025-08-11 00:56:25', '2025-08-11 00:56:25'),
(137, 2, 'ESP32_2_1', 45.0000, '2025-08-10 11:56:25', '2025-08-11 00:56:25', '2025-08-11 00:56:25'),
(138, 2, 'ESP32_2_1', 62.1000, '2025-08-10 12:56:25', '2025-08-11 00:56:25', '2025-08-11 00:56:25'),
(139, 2, 'ESP32_2_1', 85.5000, '2025-08-10 13:56:25', '2025-08-11 00:56:25', '2025-08-11 00:56:25'),
(140, 2, 'ESP32_2_1', 46.8000, '2025-08-10 14:56:25', '2025-08-11 00:56:25', '2025-08-11 00:56:25'),
(141, 2, 'ESP32_2_1', 86.4000, '2025-08-10 15:56:25', '2025-08-11 00:56:25', '2025-08-11 00:56:25'),
(142, 2, 'ESP32_2_1', 45.0000, '2025-08-10 16:56:25', '2025-08-11 00:56:25', '2025-08-11 00:56:25'),
(143, 2, 'ESP32_2_1', 66.6000, '2025-08-10 17:56:25', '2025-08-11 00:56:25', '2025-08-11 00:56:25'),
(144, 2, 'ESP32_2_1', 88.2000, '2025-08-10 18:56:25', '2025-08-11 00:56:25', '2025-08-11 00:56:25'),
(145, 2, 'ESP32_2_1', 77.4000, '2025-08-10 19:56:25', '2025-08-11 00:56:25', '2025-08-11 00:56:25'),
(146, 2, 'ESP32_2_1', 86.4000, '2025-08-10 20:56:25', '2025-08-11 00:56:25', '2025-08-11 00:56:25'),
(147, 2, 'ESP32_2_1', 65.7000, '2025-08-10 21:56:25', '2025-08-11 00:56:25', '2025-08-11 00:56:25'),
(148, 2, 'ESP32_2_1', 79.2000, '2025-08-10 22:56:25', '2025-08-11 00:56:25', '2025-08-11 00:56:25'),
(149, 2, 'ESP32_2_1', 57.6000, '2025-08-10 23:56:25', '2025-08-11 00:56:25', '2025-08-11 00:56:25'),
(150, 2, 'ESP32_2_1', 84.6000, '2025-08-11 00:56:25', '2025-08-11 00:56:25', '2025-08-11 00:56:25'),
(151, 3, 'ESP32_3_1', 99.4000, '2025-08-10 00:56:25', '2025-08-11 00:56:25', '2025-08-11 00:56:25'),
(152, 3, 'ESP32_3_1', 112.0000, '2025-08-10 01:56:25', '2025-08-11 00:56:25', '2025-08-11 00:56:25'),
(153, 3, 'ESP32_3_1', 113.4000, '2025-08-10 02:56:25', '2025-08-11 00:56:25', '2025-08-11 00:56:25'),
(154, 3, 'ESP32_3_1', 121.8000, '2025-08-10 03:56:25', '2025-08-11 00:56:25', '2025-08-11 00:56:25'),
(155, 3, 'ESP32_3_1', 100.8000, '2025-08-10 04:56:25', '2025-08-11 00:56:25', '2025-08-11 00:56:25'),
(156, 3, 'ESP32_3_1', 126.0000, '2025-08-10 05:56:25', '2025-08-11 00:56:25', '2025-08-11 00:56:25'),
(157, 3, 'ESP32_3_1', 79.8000, '2025-08-10 06:56:25', '2025-08-11 00:56:25', '2025-08-11 00:56:25'),
(158, 3, 'ESP32_3_1', 84.0000, '2025-08-10 07:56:25', '2025-08-11 00:56:25', '2025-08-11 00:56:25'),
(159, 3, 'ESP32_3_1', 110.6000, '2025-08-10 08:56:25', '2025-08-11 00:56:25', '2025-08-11 00:56:25'),
(160, 3, 'ESP32_3_1', 81.2000, '2025-08-10 09:56:25', '2025-08-11 00:56:25', '2025-08-11 00:56:25'),
(161, 3, 'ESP32_3_1', 79.8000, '2025-08-10 10:56:25', '2025-08-11 00:56:25', '2025-08-11 00:56:25'),
(162, 3, 'ESP32_3_1', 81.2000, '2025-08-10 11:56:25', '2025-08-11 00:56:25', '2025-08-11 00:56:25'),
(163, 3, 'ESP32_3_1', 109.2000, '2025-08-10 12:56:25', '2025-08-11 00:56:25', '2025-08-11 00:56:25'),
(164, 3, 'ESP32_3_1', 116.2000, '2025-08-10 13:56:25', '2025-08-11 00:56:25', '2025-08-11 00:56:25'),
(165, 3, 'ESP32_3_1', 70.0000, '2025-08-10 14:56:26', '2025-08-11 00:56:26', '2025-08-11 00:56:26'),
(166, 3, 'ESP32_3_1', 91.0000, '2025-08-10 15:56:26', '2025-08-11 00:56:26', '2025-08-11 00:56:26'),
(167, 3, 'ESP32_3_1', 85.4000, '2025-08-10 16:56:26', '2025-08-11 00:56:26', '2025-08-11 00:56:26'),
(168, 3, 'ESP32_3_1', 99.4000, '2025-08-10 17:56:26', '2025-08-11 00:56:26', '2025-08-11 00:56:26'),
(169, 3, 'ESP32_3_1', 137.2000, '2025-08-10 18:56:26', '2025-08-11 00:56:26', '2025-08-11 00:56:26'),
(170, 3, 'ESP32_3_1', 78.4000, '2025-08-10 19:56:26', '2025-08-11 00:56:26', '2025-08-11 00:56:26'),
(171, 3, 'ESP32_3_1', 75.6000, '2025-08-10 20:56:26', '2025-08-11 00:56:26', '2025-08-11 00:56:26'),
(172, 3, 'ESP32_3_1', 92.4000, '2025-08-10 21:56:26', '2025-08-11 00:56:26', '2025-08-11 00:56:26'),
(173, 3, 'ESP32_3_1', 109.2000, '2025-08-10 22:56:26', '2025-08-11 00:56:26', '2025-08-11 00:56:26'),
(174, 3, 'ESP32_3_1', 133.0000, '2025-08-10 23:56:26', '2025-08-11 00:56:26', '2025-08-11 00:56:26'),
(175, 3, 'ESP32_3_1', 74.2000, '2025-08-11 00:56:26', '2025-08-11 00:56:26', '2025-08-11 00:56:26'),
(176, 3, 'ESP32_3_2', 130.2000, '2025-08-10 00:56:26', '2025-08-11 00:56:26', '2025-08-11 00:56:26'),
(177, 3, 'ESP32_3_2', 107.8000, '2025-08-10 01:56:26', '2025-08-11 00:56:26', '2025-08-11 00:56:26'),
(178, 3, 'ESP32_3_2', 92.4000, '2025-08-10 02:56:26', '2025-08-11 00:56:26', '2025-08-11 00:56:26'),
(179, 3, 'ESP32_3_2', 100.8000, '2025-08-10 03:56:26', '2025-08-11 00:56:26', '2025-08-11 00:56:26'),
(180, 3, 'ESP32_3_2', 102.2000, '2025-08-10 04:56:26', '2025-08-11 00:56:26', '2025-08-11 00:56:26'),
(181, 3, 'ESP32_3_2', 91.0000, '2025-08-10 05:56:26', '2025-08-11 00:56:26', '2025-08-11 00:56:26'),
(182, 3, 'ESP32_3_2', 93.8000, '2025-08-10 06:56:26', '2025-08-11 00:56:26', '2025-08-11 00:56:26'),
(183, 3, 'ESP32_3_2', 110.6000, '2025-08-10 07:56:26', '2025-08-11 00:56:26', '2025-08-11 00:56:26'),
(184, 3, 'ESP32_3_2', 112.0000, '2025-08-10 08:56:26', '2025-08-11 00:56:26', '2025-08-11 00:56:26'),
(185, 3, 'ESP32_3_2', 85.4000, '2025-08-10 09:56:26', '2025-08-11 00:56:26', '2025-08-11 00:56:26'),
(186, 3, 'ESP32_3_2', 113.4000, '2025-08-10 10:56:26', '2025-08-11 00:56:26', '2025-08-11 00:56:26'),
(187, 3, 'ESP32_3_2', 109.2000, '2025-08-10 11:56:26', '2025-08-11 00:56:26', '2025-08-11 00:56:26'),
(188, 3, 'ESP32_3_2', 133.0000, '2025-08-10 12:56:26', '2025-08-11 00:56:26', '2025-08-11 00:56:26'),
(189, 3, 'ESP32_3_2', 126.0000, '2025-08-10 13:56:26', '2025-08-11 00:56:26', '2025-08-11 00:56:26'),
(190, 3, 'ESP32_3_2', 137.2000, '2025-08-10 14:56:26', '2025-08-11 00:56:26', '2025-08-11 00:56:26'),
(191, 3, 'ESP32_3_2', 123.2000, '2025-08-10 15:56:26', '2025-08-11 00:56:26', '2025-08-11 00:56:26'),
(192, 3, 'ESP32_3_2', 70.0000, '2025-08-10 16:56:26', '2025-08-11 00:56:26', '2025-08-11 00:56:26'),
(193, 3, 'ESP32_3_2', 135.8000, '2025-08-10 17:56:26', '2025-08-11 00:56:26', '2025-08-11 00:56:26'),
(194, 3, 'ESP32_3_2', 119.0000, '2025-08-10 18:56:26', '2025-08-11 00:56:26', '2025-08-11 00:56:26'),
(195, 3, 'ESP32_3_2', 134.4000, '2025-08-10 19:56:26', '2025-08-11 00:56:26', '2025-08-11 00:56:26'),
(196, 3, 'ESP32_3_2', 89.6000, '2025-08-10 20:56:26', '2025-08-11 00:56:26', '2025-08-11 00:56:26'),
(197, 3, 'ESP32_3_2', 86.8000, '2025-08-10 21:56:26', '2025-08-11 00:56:26', '2025-08-11 00:56:26'),
(198, 3, 'ESP32_3_2', 133.0000, '2025-08-10 22:56:26', '2025-08-11 00:56:26', '2025-08-11 00:56:26'),
(199, 3, 'ESP32_3_2', 71.4000, '2025-08-10 23:56:26', '2025-08-11 00:56:26', '2025-08-11 00:56:26'),
(200, 3, 'ESP32_3_2', 120.4000, '2025-08-11 00:56:26', '2025-08-11 00:56:26', '2025-08-11 00:56:26'),
(201, 3, 'ESP32_3_3', 92.4000, '2025-08-10 00:56:26', '2025-08-11 00:56:26', '2025-08-11 00:56:26'),
(202, 3, 'ESP32_3_3', 92.4000, '2025-08-10 01:56:26', '2025-08-11 00:56:26', '2025-08-11 00:56:26'),
(203, 3, 'ESP32_3_3', 77.0000, '2025-08-10 02:56:26', '2025-08-11 00:56:26', '2025-08-11 00:56:26'),
(204, 3, 'ESP32_3_3', 119.0000, '2025-08-10 03:56:26', '2025-08-11 00:56:26', '2025-08-11 00:56:26'),
(205, 3, 'ESP32_3_3', 117.6000, '2025-08-10 04:56:26', '2025-08-11 00:56:26', '2025-08-11 00:56:26'),
(206, 3, 'ESP32_3_3', 103.6000, '2025-08-10 05:56:26', '2025-08-11 00:56:26', '2025-08-11 00:56:26'),
(207, 3, 'ESP32_3_3', 91.0000, '2025-08-10 06:56:26', '2025-08-11 00:56:26', '2025-08-11 00:56:26'),
(208, 3, 'ESP32_3_3', 96.6000, '2025-08-10 07:56:26', '2025-08-11 00:56:26', '2025-08-11 00:56:26'),
(209, 3, 'ESP32_3_3', 138.6000, '2025-08-10 08:56:26', '2025-08-11 00:56:26', '2025-08-11 00:56:26'),
(210, 3, 'ESP32_3_3', 82.6000, '2025-08-10 09:56:26', '2025-08-11 00:56:26', '2025-08-11 00:56:26'),
(211, 3, 'ESP32_3_3', 113.4000, '2025-08-10 10:56:26', '2025-08-11 00:56:26', '2025-08-11 00:56:26'),
(212, 3, 'ESP32_3_3', 128.8000, '2025-08-10 11:56:26', '2025-08-11 00:56:26', '2025-08-11 00:56:26'),
(213, 3, 'ESP32_3_3', 96.6000, '2025-08-10 12:56:26', '2025-08-11 00:56:26', '2025-08-11 00:56:26'),
(214, 3, 'ESP32_3_3', 119.0000, '2025-08-10 13:56:26', '2025-08-11 00:56:26', '2025-08-11 00:56:26'),
(215, 3, 'ESP32_3_3', 96.6000, '2025-08-10 14:56:26', '2025-08-11 00:56:26', '2025-08-11 00:56:26'),
(216, 3, 'ESP32_3_3', 92.4000, '2025-08-10 15:56:26', '2025-08-11 00:56:26', '2025-08-11 00:56:26'),
(217, 3, 'ESP32_3_3', 78.4000, '2025-08-10 16:56:26', '2025-08-11 00:56:26', '2025-08-11 00:56:26'),
(218, 3, 'ESP32_3_3', 99.4000, '2025-08-10 17:56:26', '2025-08-11 00:56:26', '2025-08-11 00:56:26'),
(219, 3, 'ESP32_3_3', 89.6000, '2025-08-10 18:56:26', '2025-08-11 00:56:26', '2025-08-11 00:56:26'),
(220, 3, 'ESP32_3_3', 105.0000, '2025-08-10 19:56:26', '2025-08-11 00:56:26', '2025-08-11 00:56:26'),
(221, 3, 'ESP32_3_3', 140.0000, '2025-08-10 20:56:26', '2025-08-11 00:56:26', '2025-08-11 00:56:26'),
(222, 3, 'ESP32_3_3', 100.8000, '2025-08-10 21:56:26', '2025-08-11 00:56:26', '2025-08-11 00:56:26'),
(223, 3, 'ESP32_3_3', 74.2000, '2025-08-10 22:56:26', '2025-08-11 00:56:26', '2025-08-11 00:56:26'),
(224, 3, 'ESP32_3_3', 114.8000, '2025-08-10 23:56:26', '2025-08-11 00:56:26', '2025-08-11 00:56:26'),
(225, 3, 'ESP32_3_3', 107.8000, '2025-08-11 00:56:26', '2025-08-11 00:56:26', '2025-08-11 00:56:26'),
(226, 3, 'ESP32_3_1', 105.0000, '2025-08-10 00:56:26', '2025-08-11 00:56:26', '2025-08-11 00:56:26'),
(227, 3, 'ESP32_3_1', 128.8000, '2025-08-10 01:56:26', '2025-08-11 00:56:26', '2025-08-11 00:56:26'),
(228, 3, 'ESP32_3_1', 75.6000, '2025-08-10 02:56:26', '2025-08-11 00:56:26', '2025-08-11 00:56:26'),
(229, 3, 'ESP32_3_1', 79.8000, '2025-08-10 03:56:26', '2025-08-11 00:56:26', '2025-08-11 00:56:26'),
(230, 3, 'ESP32_3_1', 138.6000, '2025-08-10 04:56:26', '2025-08-11 00:56:26', '2025-08-11 00:56:26'),
(231, 3, 'ESP32_3_1', 99.4000, '2025-08-10 05:56:26', '2025-08-11 00:56:26', '2025-08-11 00:56:26'),
(232, 3, 'ESP32_3_1', 119.0000, '2025-08-10 06:56:26', '2025-08-11 00:56:26', '2025-08-11 00:56:26'),
(233, 3, 'ESP32_3_1', 86.8000, '2025-08-10 07:56:26', '2025-08-11 00:56:26', '2025-08-11 00:56:26'),
(234, 3, 'ESP32_3_1', 110.6000, '2025-08-10 08:56:26', '2025-08-11 00:56:26', '2025-08-11 00:56:26'),
(235, 3, 'ESP32_3_1', 135.8000, '2025-08-10 09:56:26', '2025-08-11 00:56:26', '2025-08-11 00:56:26'),
(236, 3, 'ESP32_3_1', 91.0000, '2025-08-10 10:56:26', '2025-08-11 00:56:26', '2025-08-11 00:56:26'),
(237, 3, 'ESP32_3_1', 81.2000, '2025-08-10 11:56:26', '2025-08-11 00:56:26', '2025-08-11 00:56:26'),
(238, 3, 'ESP32_3_1', 70.0000, '2025-08-10 12:56:26', '2025-08-11 00:56:26', '2025-08-11 00:56:26'),
(239, 3, 'ESP32_3_1', 93.8000, '2025-08-10 13:56:26', '2025-08-11 00:56:26', '2025-08-11 00:56:26'),
(240, 3, 'ESP32_3_1', 86.8000, '2025-08-10 14:56:26', '2025-08-11 00:56:26', '2025-08-11 00:56:26'),
(241, 3, 'ESP32_3_1', 91.0000, '2025-08-10 15:56:26', '2025-08-11 00:56:26', '2025-08-11 00:56:26'),
(242, 3, 'ESP32_3_1', 74.2000, '2025-08-10 16:56:26', '2025-08-11 00:56:26', '2025-08-11 00:56:26'),
(243, 3, 'ESP32_3_1', 107.8000, '2025-08-10 17:56:26', '2025-08-11 00:56:26', '2025-08-11 00:56:26'),
(244, 3, 'ESP32_3_1', 84.0000, '2025-08-10 18:56:26', '2025-08-11 00:56:26', '2025-08-11 00:56:26'),
(245, 3, 'ESP32_3_1', 92.4000, '2025-08-10 19:56:26', '2025-08-11 00:56:26', '2025-08-11 00:56:26'),
(246, 3, 'ESP32_3_1', 79.8000, '2025-08-10 20:56:26', '2025-08-11 00:56:26', '2025-08-11 00:56:26'),
(247, 3, 'ESP32_3_1', 124.6000, '2025-08-10 21:56:26', '2025-08-11 00:56:26', '2025-08-11 00:56:26'),
(248, 3, 'ESP32_3_1', 77.0000, '2025-08-10 22:56:26', '2025-08-11 00:56:26', '2025-08-11 00:56:26'),
(249, 3, 'ESP32_3_1', 71.4000, '2025-08-10 23:56:26', '2025-08-11 00:56:26', '2025-08-11 00:56:26'),
(250, 3, 'ESP32_3_1', 128.8000, '2025-08-11 00:56:26', '2025-08-11 00:56:26', '2025-08-11 00:56:26');

-- --------------------------------------------------------

--
-- Table structure for table `users`
--

CREATE TABLE `users` (
  `id` bigint(20) UNSIGNED NOT NULL,
  `name` varchar(255) NOT NULL,
  `email` varchar(255) NOT NULL,
  `email_verified_at` timestamp NULL DEFAULT NULL,
  `password` varchar(255) NOT NULL,
  `role` varchar(255) NOT NULL DEFAULT 'admin',
  `remember_token` varchar(100) DEFAULT NULL,
  `created_at` timestamp NULL DEFAULT NULL,
  `updated_at` timestamp NULL DEFAULT NULL
) ENGINE=InnoDB DEFAULT CHARSET=utf8mb4 COLLATE=utf8mb4_unicode_ci;

--
-- Dumping data for table `users`
--

INSERT INTO `users` (`id`, `name`, `email`, `email_verified_at`, `password`, `role`, `remember_token`, `created_at`, `updated_at`) VALUES
(1, 'Admin DEVO', 'admin@devo.com', NULL, '$2y$12$rFl.Tqo5FWciWpvK9IOaL.kbl1icEogOLEluNaX9nnFvKaAPQVAka', 'admin', NULL, '2025-08-11 00:56:24', '2025-08-11 00:56:24'),
(2, 'Super Admin', 'superadmin@devo.com', NULL, '$2y$12$ID9r3qpvH7YVLA.yIDlDgODf1NmJfyQlX0Q3j6yPpcwme9kdgZM56', 'admin', NULL, '2025-08-11 00:56:24', '2025-08-11 00:56:24');

-- --------------------------------------------------------

--
-- Table structure for table `volume_history`
--

CREATE TABLE `volume_history` (
  `id` bigint(20) UNSIGNED NOT NULL,
  `depo_id` bigint(20) UNSIGNED NOT NULL,
  `volume` decimal(10,2) NOT NULL,
  `persentase` decimal(5,2) NOT NULL,
  `status` enum('normal','warning','critical') NOT NULL,
  `recorded_at` timestamp NOT NULL DEFAULT current_timestamp() ON UPDATE current_timestamp()
) ENGINE=InnoDB DEFAULT CHARSET=utf8mb4 COLLATE=utf8mb4_unicode_ci;

--
-- Dumping data for table `volume_history`
--

INSERT INTO `volume_history` (`id`, `depo_id`, `volume`, `persentase`, `status`, `recorded_at`) VALUES
(1, 1, 76.61, 76.00, 'normal', '2025-08-11 00:56:24'),
(2, 1, 92.74, 92.00, 'critical', '2025-08-11 00:56:24'),
(3, 1, 69.55, 69.00, 'normal', '2025-08-11 00:56:24'),
(4, 1, 99.79, 99.00, 'critical', '2025-08-11 00:56:24'),
(5, 1, 74.59, 74.00, 'normal', '2025-08-11 00:56:24'),
(6, 1, 87.70, 87.00, 'warning', '2025-08-11 00:56:24'),
(7, 1, 68.54, 68.00, 'normal', '2025-08-11 00:56:24'),
(8, 1, 85.68, 85.00, 'warning', '2025-08-11 00:56:24'),
(9, 1, 74.59, 74.00, 'normal', '2025-08-11 00:56:24'),
(10, 1, 57.46, 57.00, 'normal', '2025-08-11 00:56:24'),
(11, 1, 93.74, 93.00, 'critical', '2025-08-11 00:56:24'),
(12, 1, 50.40, 50.00, 'normal', '2025-08-11 00:56:24'),
(13, 1, 57.46, 57.00, 'normal', '2025-08-11 00:56:24'),
(14, 1, 72.58, 72.00, 'normal', '2025-08-11 00:56:24'),
(15, 1, 88.70, 88.00, 'warning', '2025-08-11 00:56:24'),
(16, 1, 74.59, 74.00, 'normal', '2025-08-11 00:56:24'),
(17, 1, 88.70, 88.00, 'warning', '2025-08-11 00:56:24'),
(18, 1, 59.47, 59.00, 'normal', '2025-08-11 00:56:24'),
(19, 1, 84.67, 84.00, 'warning', '2025-08-11 00:56:24'),
(20, 1, 89.71, 89.00, 'warning', '2025-08-11 00:56:24'),
(21, 1, 75.60, 75.00, 'normal', '2025-08-11 00:56:24'),
(22, 1, 65.52, 65.00, 'normal', '2025-08-11 00:56:24'),
(23, 1, 78.62, 78.00, 'normal', '2025-08-11 00:56:24'),
(24, 1, 73.58, 73.00, 'normal', '2025-08-11 00:56:24'),
(25, 1, 97.78, 97.00, 'critical', '2025-08-11 00:56:24'),
(26, 1, 72.58, 72.00, 'normal', '2025-08-11 00:56:24'),
(27, 1, 96.77, 96.00, 'critical', '2025-08-11 00:56:24'),
(28, 1, 96.77, 96.00, 'critical', '2025-08-11 00:56:24'),
(29, 1, 52.42, 52.00, 'normal', '2025-08-11 00:56:24'),
(30, 1, 83.66, 83.00, 'warning', '2025-08-11 00:56:24'),
(31, 1, 69.55, 69.00, 'normal', '2025-08-11 00:56:24'),
(32, 1, 84.67, 84.00, 'warning', '2025-08-11 00:56:24'),
(33, 1, 57.46, 57.00, 'normal', '2025-08-11 00:56:24'),
(34, 1, 97.78, 97.00, 'critical', '2025-08-11 00:56:24'),
(35, 1, 71.57, 71.00, 'normal', '2025-08-11 00:56:24'),
(36, 1, 57.46, 57.00, 'normal', '2025-08-11 00:56:24'),
(37, 1, 52.42, 52.00, 'normal', '2025-08-11 00:56:24'),
(38, 1, 57.46, 57.00, 'normal', '2025-08-11 00:56:24'),
(39, 1, 90.72, 90.00, 'critical', '2025-08-11 00:56:24'),
(40, 1, 51.41, 51.00, 'normal', '2025-08-11 00:56:24'),
(41, 1, 73.58, 73.00, 'normal', '2025-08-11 00:56:24'),
(42, 1, 94.75, 94.00, 'critical', '2025-08-11 00:56:24'),
(43, 1, 88.70, 88.00, 'warning', '2025-08-11 00:56:24'),
(44, 1, 84.67, 84.00, 'warning', '2025-08-11 00:56:24'),
(45, 1, 72.58, 72.00, 'normal', '2025-08-11 00:56:24'),
(46, 1, 65.52, 65.00, 'normal', '2025-08-11 00:56:24'),
(47, 1, 66.53, 66.00, 'normal', '2025-08-11 00:56:24'),
(48, 1, 64.51, 64.00, 'normal', '2025-08-11 00:56:24'),
(49, 1, 51.41, 51.00, 'normal', '2025-08-11 00:56:24'),
(50, 1, 50.40, 50.00, 'normal', '2025-08-11 00:56:24'),
(51, 1, 53.42, 53.00, 'normal', '2025-08-11 00:56:24'),
(52, 1, 61.49, 61.00, 'normal', '2025-07-12 00:56:24'),
(53, 1, 52.92, 52.50, 'normal', '2025-07-13 00:56:24'),
(54, 1, 42.34, 42.01, 'normal', '2025-07-14 00:56:24'),
(55, 1, 49.91, 49.51, 'normal', '2025-07-15 00:56:24'),
(56, 1, 59.49, 59.02, 'normal', '2025-07-16 00:56:24'),
(57, 1, 55.96, 55.52, 'normal', '2025-07-17 00:56:24'),
(58, 1, 60.50, 60.02, 'normal', '2025-07-18 00:56:24'),
(59, 1, 57.99, 57.53, 'normal', '2025-07-19 00:56:24'),
(60, 1, 42.37, 42.03, 'normal', '2025-07-20 00:56:24'),
(61, 1, 38.84, 38.54, 'normal', '2025-07-21 00:56:24'),
(62, 1, 53.46, 53.04, 'normal', '2025-07-22 00:56:24'),
(63, 1, 38.85, 38.54, 'normal', '2025-07-23 00:56:24'),
(64, 1, 54.48, 54.05, 'normal', '2025-07-24 00:56:24'),
(65, 1, 62.04, 61.55, 'normal', '2025-07-25 00:56:24'),
(66, 1, 36.34, 36.06, 'normal', '2025-07-26 00:56:24'),
(67, 1, 59.03, 58.56, 'normal', '2025-07-27 00:56:24'),
(68, 1, 42.40, 42.06, 'normal', '2025-07-28 00:56:24'),
(69, 1, 43.92, 43.57, 'normal', '2025-07-29 00:56:24'),
(70, 1, 42.41, 42.07, 'normal', '2025-07-30 00:56:24'),
(71, 1, 40.90, 40.58, 'normal', '2025-07-31 00:56:24'),
(72, 1, 51.49, 51.08, 'normal', '2025-08-01 00:56:25'),
(73, 1, 53.00, 52.58, 'normal', '2025-08-02 00:56:25'),
(74, 1, 35.37, 35.09, 'normal', '2025-08-03 00:56:25'),
(75, 1, 34.87, 34.59, 'normal', '2025-08-04 00:56:25'),
(76, 1, 46.46, 46.10, 'normal', '2025-08-05 00:56:25'),
(77, 1, 39.92, 39.60, 'normal', '2025-08-06 00:56:25'),
(78, 1, 49.50, 49.10, 'normal', '2025-08-07 00:56:25'),
(79, 1, 49.00, 48.61, 'normal', '2025-08-08 00:56:25'),
(80, 1, 37.41, 37.11, 'normal', '2025-08-09 00:56:25'),
(81, 1, 32.88, 32.62, 'normal', '2025-08-10 00:56:25'),
(82, 1, 58.58, 58.12, 'normal', '2025-08-11 00:56:25'),
(83, 1, 80.64, 80.00, 'warning', '2025-08-11 00:56:25'),
(84, 1, 78.62, 78.00, 'normal', '2025-08-11 00:56:25'),
(85, 1, 53.42, 53.00, 'normal', '2025-08-11 00:56:25'),
(86, 1, 100.80, 100.00, 'critical', '2025-08-11 00:56:25'),
(87, 1, 94.75, 94.00, 'critical', '2025-08-11 00:56:25'),
(88, 1, 98.78, 98.00, 'critical', '2025-08-11 00:56:25'),
(89, 1, 79.63, 79.00, 'normal', '2025-08-11 00:56:25'),
(90, 1, 88.70, 88.00, 'warning', '2025-08-11 00:56:25'),
(91, 1, 73.58, 73.00, 'normal', '2025-08-11 00:56:25'),
(92, 1, 64.51, 64.00, 'normal', '2025-08-11 00:56:25'),
(93, 1, 78.62, 78.00, 'normal', '2025-08-11 00:56:25'),
(94, 1, 91.73, 91.00, 'critical', '2025-08-11 00:56:25'),
(95, 1, 87.70, 87.00, 'warning', '2025-08-11 00:56:25'),
(96, 1, 60.48, 60.00, 'normal', '2025-08-11 00:56:25'),
(97, 1, 79.63, 79.00, 'normal', '2025-08-11 00:56:25'),
(98, 1, 90.72, 90.00, 'critical', '2025-08-11 00:56:25'),
(99, 1, 52.42, 52.00, 'normal', '2025-08-11 00:56:25'),
(100, 1, 93.74, 93.00, 'critical', '2025-08-11 00:56:25'),
(101, 1, 58.46, 58.00, 'normal', '2025-08-11 00:56:25'),
(102, 1, 54.43, 54.00, 'normal', '2025-08-11 00:56:25'),
(103, 1, 96.77, 96.00, 'critical', '2025-08-11 00:56:25'),
(104, 1, 63.50, 63.00, 'normal', '2025-08-11 00:56:25'),
(105, 1, 88.70, 88.00, 'warning', '2025-08-11 00:56:25'),
(106, 1, 89.71, 89.00, 'warning', '2025-08-11 00:56:25'),
(107, 1, 85.68, 85.00, 'warning', '2025-08-11 00:56:25'),
(108, 2, 85.50, 95.00, 'critical', '2025-08-11 00:56:25'),
(109, 2, 81.00, 90.00, 'critical', '2025-08-11 00:56:25'),
(110, 2, 49.50, 55.00, 'normal', '2025-08-11 00:56:25'),
(111, 2, 65.70, 73.00, 'normal', '2025-08-11 00:56:25'),
(112, 2, 55.80, 62.00, 'normal', '2025-08-11 00:56:25'),
(113, 2, 52.20, 58.00, 'normal', '2025-08-11 00:56:25'),
(114, 2, 79.20, 88.00, 'warning', '2025-08-11 00:56:25'),
(115, 2, 60.30, 67.00, 'normal', '2025-08-11 00:56:25'),
(116, 2, 67.50, 75.00, 'normal', '2025-08-11 00:56:25'),
(117, 2, 58.50, 65.00, 'normal', '2025-08-11 00:56:25'),
(118, 2, 88.20, 98.00, 'critical', '2025-08-11 00:56:25'),
(119, 2, 83.70, 93.00, 'critical', '2025-08-11 00:56:25'),
(120, 2, 90.00, 100.00, 'critical', '2025-08-11 00:56:25'),
(121, 2, 62.10, 69.00, 'normal', '2025-08-11 00:56:25'),
(122, 2, 65.70, 73.00, 'normal', '2025-08-11 00:56:25'),
(123, 2, 80.10, 89.00, 'warning', '2025-08-11 00:56:25'),
(124, 2, 46.80, 52.00, 'normal', '2025-08-11 00:56:25'),
(125, 2, 63.90, 71.00, 'normal', '2025-08-11 00:56:25'),
(126, 2, 83.70, 93.00, 'critical', '2025-08-11 00:56:25'),
(127, 2, 64.80, 72.00, 'normal', '2025-08-11 00:56:25'),
(128, 2, 55.80, 62.00, 'normal', '2025-08-11 00:56:25'),
(129, 2, 85.50, 95.00, 'critical', '2025-08-11 00:56:25'),
(130, 2, 64.80, 72.00, 'normal', '2025-08-11 00:56:25'),
(131, 2, 67.50, 75.00, 'normal', '2025-08-11 00:56:25'),
(132, 2, 76.50, 85.00, 'warning', '2025-08-11 00:56:25'),
(133, 2, 45.00, 50.00, 'normal', '2025-08-11 00:56:25'),
(134, 2, 87.30, 97.00, 'critical', '2025-08-11 00:56:25'),
(135, 2, 63.90, 71.00, 'normal', '2025-08-11 00:56:25'),
(136, 2, 85.50, 95.00, 'critical', '2025-08-11 00:56:25'),
(137, 2, 75.60, 84.00, 'warning', '2025-08-11 00:56:25'),
(138, 2, 65.70, 73.00, 'normal', '2025-08-11 00:56:25'),
(139, 2, 57.60, 64.00, 'normal', '2025-08-11 00:56:25'),
(140, 2, 84.60, 94.00, 'critical', '2025-08-11 00:56:25'),
(141, 2, 77.40, 86.00, 'warning', '2025-08-11 00:56:25'),
(142, 2, 80.10, 89.00, 'warning', '2025-08-11 00:56:25'),
(143, 2, 75.60, 84.00, 'warning', '2025-08-11 00:56:25'),
(144, 2, 54.00, 60.00, 'normal', '2025-08-11 00:56:25'),
(145, 2, 51.30, 57.00, 'normal', '2025-08-11 00:56:25'),
(146, 2, 72.00, 80.00, 'warning', '2025-08-11 00:56:25'),
(147, 2, 81.00, 90.00, 'critical', '2025-08-11 00:56:25'),
(148, 2, 80.10, 89.00, 'warning', '2025-08-11 00:56:25'),
(149, 2, 75.60, 84.00, 'warning', '2025-08-11 00:56:25'),
(150, 2, 57.60, 64.00, 'normal', '2025-08-11 00:56:25'),
(151, 2, 65.70, 73.00, 'normal', '2025-08-11 00:56:25'),
(152, 2, 59.40, 66.00, 'normal', '2025-08-11 00:56:25'),
(153, 2, 90.00, 100.00, 'critical', '2025-08-11 00:56:25'),
(154, 2, 82.80, 92.00, 'critical', '2025-08-11 00:56:25'),
(155, 2, 80.10, 89.00, 'warning', '2025-08-11 00:56:25'),
(156, 2, 79.20, 88.00, 'warning', '2025-08-11 00:56:25'),
(157, 2, 85.50, 95.00, 'critical', '2025-08-11 00:56:25'),
(158, 2, 71.10, 79.00, 'normal', '2025-08-11 00:56:25'),
(159, 2, 64.80, 72.00, 'normal', '2025-07-12 00:56:25'),
(160, 2, 86.80, 96.44, 'critical', '2025-07-13 00:56:25'),
(161, 2, 63.80, 70.89, 'normal', '2025-07-14 00:56:25'),
(162, 2, 85.80, 95.33, 'critical', '2025-07-15 00:56:25'),
(163, 2, 87.10, 96.78, 'critical', '2025-07-16 00:56:25'),
(164, 2, 84.80, 94.22, 'critical', '2025-07-17 00:56:25'),
(165, 2, 77.10, 85.67, 'warning', '2025-07-18 00:56:25'),
(166, 2, 82.00, 91.11, 'critical', '2025-07-19 00:56:25'),
(167, 2, 59.00, 65.56, 'normal', '2025-07-20 00:56:25'),
(168, 2, 68.40, 76.00, 'normal', '2025-07-21 00:56:25'),
(169, 2, 58.00, 64.44, 'normal', '2025-07-22 00:56:25'),
(170, 2, 80.00, 88.89, 'warning', '2025-07-23 00:56:25'),
(171, 2, 71.40, 79.33, 'normal', '2025-07-24 00:56:25'),
(172, 2, 61.00, 67.78, 'normal', '2025-07-25 00:56:25'),
(173, 2, 70.40, 78.22, 'normal', '2025-07-26 00:56:25'),
(174, 2, 60.90, 67.67, 'normal', '2025-07-27 00:56:25'),
(175, 2, 55.90, 62.11, 'normal', '2025-07-28 00:56:25'),
(176, 2, 72.50, 80.56, 'warning', '2025-07-29 00:56:25'),
(177, 2, 68.40, 76.00, 'normal', '2025-07-30 00:56:25'),
(178, 2, 59.80, 66.44, 'normal', '2025-07-31 00:56:25'),
(179, 2, 61.10, 67.89, 'normal', '2025-08-01 00:56:25'),
(180, 2, 51.60, 57.33, 'normal', '2025-08-02 00:56:25'),
(181, 2, 57.40, 63.78, 'normal', '2025-08-03 00:56:25'),
(182, 2, 59.60, 66.22, 'normal', '2025-08-04 00:56:25'),
(183, 2, 76.20, 84.67, 'warning', '2025-08-05 00:56:25'),
(184, 2, 73.00, 81.11, 'warning', '2025-08-06 00:56:25'),
(185, 2, 76.10, 84.56, 'warning', '2025-08-07 00:56:25'),
(186, 2, 57.60, 64.00, 'normal', '2025-08-08 00:56:25'),
(187, 2, 68.80, 76.44, 'normal', '2025-08-09 00:56:25'),
(188, 2, 47.60, 52.89, 'normal', '2025-08-10 00:56:25'),
(189, 2, 61.50, 68.33, 'normal', '2025-08-11 00:56:25'),
(190, 2, 54.90, 61.00, 'normal', '2025-08-11 00:56:25'),
(191, 2, 85.50, 95.00, 'critical', '2025-08-11 00:56:25'),
(192, 2, 75.60, 84.00, 'warning', '2025-08-11 00:56:25'),
(193, 2, 45.90, 51.00, 'normal', '2025-08-11 00:56:25'),
(194, 2, 63.90, 71.00, 'normal', '2025-08-11 00:56:25'),
(195, 2, 72.90, 81.00, 'warning', '2025-08-11 00:56:25'),
(196, 2, 65.70, 73.00, 'normal', '2025-08-11 00:56:25'),
(197, 2, 56.70, 63.00, 'normal', '2025-08-11 00:56:25'),
(198, 2, 50.40, 56.00, 'normal', '2025-08-11 00:56:25'),
(199, 2, 57.60, 64.00, 'normal', '2025-08-11 00:56:25'),
(200, 2, 51.30, 57.00, 'normal', '2025-08-11 00:56:25'),
(201, 2, 45.00, 50.00, 'normal', '2025-08-11 00:56:25'),
(202, 2, 62.10, 69.00, 'normal', '2025-08-11 00:56:25'),
(203, 2, 85.50, 95.00, 'critical', '2025-08-11 00:56:25'),
(204, 2, 46.80, 52.00, 'normal', '2025-08-11 00:56:25'),
(205, 2, 86.40, 96.00, 'critical', '2025-08-11 00:56:25'),
(206, 2, 45.00, 50.00, 'normal', '2025-08-11 00:56:25'),
(207, 2, 66.60, 74.00, 'normal', '2025-08-11 00:56:25'),
(208, 2, 88.20, 98.00, 'critical', '2025-08-11 00:56:25'),
(209, 2, 77.40, 86.00, 'warning', '2025-08-11 00:56:25'),
(210, 2, 86.40, 96.00, 'critical', '2025-08-11 00:56:25'),
(211, 2, 65.70, 73.00, 'normal', '2025-08-11 00:56:25'),
(212, 2, 79.20, 88.00, 'warning', '2025-08-11 00:56:25'),
(213, 2, 57.60, 64.00, 'normal', '2025-08-11 00:56:25'),
(214, 2, 84.60, 94.00, 'critical', '2025-08-11 00:56:25'),
(215, 3, 99.40, 71.00, 'normal', '2025-08-11 00:56:25'),
(216, 3, 112.00, 80.00, 'warning', '2025-08-11 00:56:25'),
(217, 3, 113.40, 81.00, 'warning', '2025-08-11 00:56:25'),
(218, 3, 121.80, 87.00, 'warning', '2025-08-11 00:56:25'),
(219, 3, 100.80, 72.00, 'normal', '2025-08-11 00:56:25'),
(220, 3, 126.00, 90.00, 'critical', '2025-08-11 00:56:25'),
(221, 3, 79.80, 57.00, 'normal', '2025-08-11 00:56:25'),
(222, 3, 84.00, 60.00, 'normal', '2025-08-11 00:56:25'),
(223, 3, 110.60, 79.00, 'normal', '2025-08-11 00:56:25'),
(224, 3, 81.20, 58.00, 'normal', '2025-08-11 00:56:25'),
(225, 3, 79.80, 57.00, 'normal', '2025-08-11 00:56:25'),
(226, 3, 81.20, 58.00, 'normal', '2025-08-11 00:56:25'),
(227, 3, 109.20, 78.00, 'normal', '2025-08-11 00:56:25'),
(228, 3, 116.20, 83.00, 'warning', '2025-08-11 00:56:25'),
(229, 3, 70.00, 50.00, 'normal', '2025-08-11 00:56:26'),
(230, 3, 91.00, 65.00, 'normal', '2025-08-11 00:56:26'),
(231, 3, 85.40, 61.00, 'normal', '2025-08-11 00:56:26'),
(232, 3, 99.40, 71.00, 'normal', '2025-08-11 00:56:26'),
(233, 3, 137.20, 98.00, 'critical', '2025-08-11 00:56:26'),
(234, 3, 78.40, 56.00, 'normal', '2025-08-11 00:56:26'),
(235, 3, 75.60, 54.00, 'normal', '2025-08-11 00:56:26'),
(236, 3, 92.40, 66.00, 'normal', '2025-08-11 00:56:26'),
(237, 3, 109.20, 78.00, 'normal', '2025-08-11 00:56:26'),
(238, 3, 133.00, 95.00, 'critical', '2025-08-11 00:56:26'),
(239, 3, 74.20, 53.00, 'normal', '2025-08-11 00:56:26'),
(240, 3, 130.20, 93.00, 'critical', '2025-08-11 00:56:26'),
(241, 3, 107.80, 77.00, 'normal', '2025-08-11 00:56:26'),
(242, 3, 92.40, 66.00, 'normal', '2025-08-11 00:56:26'),
(243, 3, 100.80, 72.00, 'normal', '2025-08-11 00:56:26'),
(244, 3, 102.20, 73.00, 'normal', '2025-08-11 00:56:26'),
(245, 3, 91.00, 65.00, 'normal', '2025-08-11 00:56:26'),
(246, 3, 93.80, 67.00, 'normal', '2025-08-11 00:56:26'),
(247, 3, 110.60, 79.00, 'normal', '2025-08-11 00:56:26'),
(248, 3, 112.00, 80.00, 'warning', '2025-08-11 00:56:26'),
(249, 3, 85.40, 61.00, 'normal', '2025-08-11 00:56:26'),
(250, 3, 113.40, 81.00, 'warning', '2025-08-11 00:56:26'),
(251, 3, 109.20, 78.00, 'normal', '2025-08-11 00:56:26'),
(252, 3, 133.00, 95.00, 'critical', '2025-08-11 00:56:26'),
(253, 3, 126.00, 90.00, 'critical', '2025-08-11 00:56:26'),
(254, 3, 137.20, 98.00, 'critical', '2025-08-11 00:56:26'),
(255, 3, 123.20, 88.00, 'warning', '2025-08-11 00:56:26'),
(256, 3, 70.00, 50.00, 'normal', '2025-08-11 00:56:26'),
(257, 3, 135.80, 97.00, 'critical', '2025-08-11 00:56:26'),
(258, 3, 119.00, 85.00, 'warning', '2025-08-11 00:56:26'),
(259, 3, 134.40, 96.00, 'critical', '2025-08-11 00:56:26'),
(260, 3, 89.60, 64.00, 'normal', '2025-08-11 00:56:26'),
(261, 3, 86.80, 62.00, 'normal', '2025-08-11 00:56:26'),
(262, 3, 133.00, 95.00, 'critical', '2025-08-11 00:56:26'),
(263, 3, 71.40, 51.00, 'normal', '2025-08-11 00:56:26'),
(264, 3, 120.40, 86.00, 'warning', '2025-08-11 00:56:26'),
(265, 3, 92.40, 66.00, 'normal', '2025-08-11 00:56:26'),
(266, 3, 92.40, 66.00, 'normal', '2025-08-11 00:56:26'),
(267, 3, 77.00, 55.00, 'normal', '2025-08-11 00:56:26'),
(268, 3, 119.00, 85.00, 'warning', '2025-08-11 00:56:26'),
(269, 3, 117.60, 84.00, 'warning', '2025-08-11 00:56:26'),
(270, 3, 103.60, 74.00, 'normal', '2025-08-11 00:56:26'),
(271, 3, 91.00, 65.00, 'normal', '2025-08-11 00:56:26'),
(272, 3, 96.60, 69.00, 'normal', '2025-08-11 00:56:26'),
(273, 3, 138.60, 99.00, 'critical', '2025-08-11 00:56:26'),
(274, 3, 82.60, 59.00, 'normal', '2025-08-11 00:56:26'),
(275, 3, 113.40, 81.00, 'warning', '2025-08-11 00:56:26'),
(276, 3, 128.80, 92.00, 'critical', '2025-08-11 00:56:26'),
(277, 3, 96.60, 69.00, 'normal', '2025-08-11 00:56:26'),
(278, 3, 119.00, 85.00, 'warning', '2025-08-11 00:56:26'),
(279, 3, 96.60, 69.00, 'normal', '2025-08-11 00:56:26'),
(280, 3, 92.40, 66.00, 'normal', '2025-08-11 00:56:26'),
(281, 3, 78.40, 56.00, 'normal', '2025-08-11 00:56:26'),
(282, 3, 99.40, 71.00, 'normal', '2025-08-11 00:56:26'),
(283, 3, 89.60, 64.00, 'normal', '2025-08-11 00:56:26'),
(284, 3, 105.00, 75.00, 'normal', '2025-08-11 00:56:26'),
(285, 3, 140.00, 100.00, 'critical', '2025-08-11 00:56:26'),
(286, 3, 100.80, 72.00, 'normal', '2025-08-11 00:56:26'),
(287, 3, 74.20, 53.00, 'normal', '2025-08-11 00:56:26'),
(288, 3, 114.80, 82.00, 'warning', '2025-08-11 00:56:26'),
(289, 3, 107.80, 77.00, 'normal', '2025-08-11 00:56:26'),
(290, 3, 89.60, 64.00, 'normal', '2025-08-11 00:56:26'),
(291, 3, 84.00, 60.00, 'normal', '2025-07-12 00:56:26'),
(292, 3, 75.10, 53.64, 'normal', '2025-07-13 00:56:26'),
(293, 3, 84.40, 60.29, 'normal', '2025-07-14 00:56:26'),
(294, 3, 76.90, 54.93, 'normal', '2025-07-15 00:56:26'),
(295, 3, 101.60, 72.57, 'normal', '2025-07-16 00:56:26'),
(296, 3, 75.90, 54.21, 'normal', '2025-07-17 00:56:26'),
(297, 3, 102.00, 72.86, 'normal', '2025-07-18 00:56:26'),
(298, 3, 83.30, 59.50, 'normal', '2025-07-19 00:56:26'),
(299, 3, 84.20, 60.14, 'normal', '2025-07-20 00:56:26'),
(300, 3, 80.90, 57.79, 'normal', '2025-07-21 00:56:26'),
(301, 3, 105.60, 75.43, 'normal', '2025-07-22 00:56:26'),
(302, 3, 102.30, 73.07, 'normal', '2025-07-23 00:56:26'),
(303, 3, 89.20, 63.71, 'normal', '2025-07-24 00:56:26'),
(304, 3, 84.50, 60.36, 'normal', '2025-07-25 00:56:26'),
(305, 3, 105.00, 75.00, 'normal', '2025-07-26 00:56:26'),
(306, 3, 97.50, 69.64, 'normal', '2025-07-27 00:56:26'),
(307, 3, 95.60, 68.29, 'normal', '2025-07-28 00:56:26'),
(308, 3, 96.50, 68.93, 'normal', '2025-07-29 00:56:26'),
(309, 3, 75.00, 53.57, 'normal', '2025-07-30 00:56:26'),
(310, 3, 85.70, 61.21, 'normal', '2025-07-31 00:56:26'),
(311, 3, 92.20, 65.86, 'normal', '2025-08-01 00:56:26'),
(312, 3, 72.10, 51.50, 'normal', '2025-08-02 00:56:26'),
(313, 3, 71.60, 51.14, 'normal', '2025-08-03 00:56:26'),
(314, 3, 93.50, 66.79, 'normal', '2025-08-04 00:56:26'),
(315, 3, 88.80, 63.43, 'normal', '2025-08-05 00:56:26'),
(316, 3, 84.10, 60.07, 'normal', '2025-08-06 00:56:26'),
(317, 3, 90.60, 64.71, 'normal', '2025-08-07 00:56:26'),
(318, 3, 98.50, 70.36, 'normal', '2025-08-08 00:56:26'),
(319, 3, 68.60, 49.00, 'normal', '2025-08-09 00:56:26'),
(320, 3, 87.70, 62.64, 'normal', '2025-08-10 00:56:26'),
(321, 3, 92.80, 66.29, 'normal', '2025-08-11 00:56:26'),
(322, 3, 105.00, 75.00, 'normal', '2025-08-11 00:56:26'),
(323, 3, 128.80, 92.00, 'critical', '2025-08-11 00:56:26'),
(324, 3, 75.60, 54.00, 'normal', '2025-08-11 00:56:26'),
(325, 3, 79.80, 57.00, 'normal', '2025-08-11 00:56:26'),
(326, 3, 138.60, 99.00, 'critical', '2025-08-11 00:56:26'),
(327, 3, 99.40, 71.00, 'normal', '2025-08-11 00:56:26'),
(328, 3, 119.00, 85.00, 'warning', '2025-08-11 00:56:26'),
(329, 3, 86.80, 62.00, 'normal', '2025-08-11 00:56:26'),
(330, 3, 110.60, 79.00, 'normal', '2025-08-11 00:56:26'),
(331, 3, 135.80, 97.00, 'critical', '2025-08-11 00:56:26'),
(332, 3, 91.00, 65.00, 'normal', '2025-08-11 00:56:26'),
(333, 3, 81.20, 58.00, 'normal', '2025-08-11 00:56:26'),
(334, 3, 70.00, 50.00, 'normal', '2025-08-11 00:56:26'),
(335, 3, 93.80, 67.00, 'normal', '2025-08-11 00:56:26'),
(336, 3, 86.80, 62.00, 'normal', '2025-08-11 00:56:26'),
(337, 3, 91.00, 65.00, 'normal', '2025-08-11 00:56:26'),
(338, 3, 74.20, 53.00, 'normal', '2025-08-11 00:56:26'),
(339, 3, 107.80, 77.00, 'normal', '2025-08-11 00:56:26'),
(340, 3, 84.00, 60.00, 'normal', '2025-08-11 00:56:26'),
(341, 3, 92.40, 66.00, 'normal', '2025-08-11 00:56:26'),
(342, 3, 79.80, 57.00, 'normal', '2025-08-11 00:56:26'),
(343, 3, 124.60, 89.00, 'warning', '2025-08-11 00:56:26'),
(344, 3, 77.00, 55.00, 'normal', '2025-08-11 00:56:26'),
(345, 3, 71.40, 51.00, 'normal', '2025-08-11 00:56:26'),
(346, 3, 128.80, 92.00, 'critical', '2025-08-11 00:56:26'),
(347, 1, 95.00, 94.25, 'critical', '2025-08-11 20:03:40'),
(348, 1, 5.00, 4.96, 'normal', '2025-08-11 20:08:53'),
(349, 1, 100.00, 99.21, 'critical', '2025-08-11 20:10:42'),
(350, 1, 10.00, 9.92, 'normal', '2025-08-11 20:13:34'),
(351, 1, 5.00, 4.96, 'normal', '2025-08-12 00:31:57'),
(352, 1, 0.00, 0.00, 'normal', '2025-08-12 00:38:36'),
(353, 3, 52.00, 70.00, 'normal', '2025-08-13 14:57:29'),
(354, 3, 38.00, 28.00, 'normal', '2025-08-13 15:57:29'),
(355, 3, 14.00, 54.00, 'normal', '2025-08-13 16:57:29'),
(356, 3, 69.00, 11.00, 'normal', '2025-08-13 17:57:29'),
(357, 3, 37.00, 39.00, 'normal', '2025-08-13 18:57:29'),
(358, 3, 58.00, 60.00, 'normal', '2025-08-13 19:57:29'),
(359, 3, 31.00, 15.00, 'normal', '2025-08-13 20:57:29'),
(360, 3, 14.00, 60.00, 'normal', '2025-08-13 21:57:29'),
(361, 3, 60.00, 50.00, 'normal', '2025-08-13 22:57:29'),
(362, 3, 35.00, 42.00, 'normal', '2025-08-13 23:57:29'),
(363, 3, 26.00, 15.00, 'normal', '2025-08-13 15:02:38'),
(364, 3, 74.00, 59.00, 'normal', '2025-08-13 16:02:38'),
(365, 3, 33.00, 41.00, 'normal', '2025-08-13 17:02:38'),
(366, 3, 11.00, 38.00, 'normal', '2025-08-13 18:02:38'),
(367, 3, 69.00, 47.00, 'normal', '2025-08-13 19:02:38'),
(368, 3, 65.00, 40.00, 'normal', '2025-08-13 20:02:38'),
(369, 3, 45.00, 52.00, 'normal', '2025-08-13 21:02:38'),
(370, 3, 24.00, 11.00, 'normal', '2025-08-13 22:02:38'),
(371, 3, 50.00, 34.00, 'normal', '2025-08-13 23:02:38'),
(372, 3, 29.00, 58.00, 'normal', '2025-08-14 00:02:38'),
(373, 3, 60.00, 79.00, 'normal', '2025-08-13 15:03:41'),
(374, 3, 54.00, 60.00, 'normal', '2025-08-13 16:03:41'),
(375, 3, 77.00, 35.00, 'normal', '2025-08-13 17:03:41'),
(376, 3, 79.00, 40.00, 'normal', '2025-08-13 18:03:41'),
(377, 3, 47.00, 63.00, 'normal', '2025-08-13 19:03:41'),
(378, 3, 15.00, 18.00, 'normal', '2025-08-13 20:03:41'),
(379, 3, 42.00, 40.00, 'normal', '2025-08-13 21:03:41'),
(380, 3, 30.00, 18.00, 'normal', '2025-08-13 22:03:41'),
(381, 3, 55.00, 61.00, 'normal', '2025-08-13 23:03:41'),
(382, 3, 63.00, 32.00, 'normal', '2025-08-14 00:03:41'),
(383, 1, 42.00, 54.00, 'normal', '2025-08-13 15:05:54'),
(384, 1, 36.00, 79.00, 'normal', '2025-08-13 16:05:54'),
(385, 1, 41.00, 38.00, 'normal', '2025-08-13 17:05:54'),
(386, 1, 78.00, 20.00, 'normal', '2025-08-13 18:05:54'),
(387, 1, 64.00, 49.00, 'normal', '2025-08-13 19:05:54'),
(388, 1, 65.00, 41.00, 'normal', '2025-08-13 20:05:54'),
(389, 1, 46.00, 67.00, 'normal', '2025-08-13 21:05:54'),
(390, 1, 54.00, 54.00, 'normal', '2025-08-13 22:05:54'),
(391, 1, 61.00, 42.00, 'normal', '2025-08-13 23:05:54'),
(392, 1, 19.00, 10.00, 'normal', '2025-08-14 00:05:54');

--
-- Indexes for dumped tables
--

--
-- Indexes for table `abnormal_readings`
--
ALTER TABLE `abnormal_readings`
  ADD PRIMARY KEY (`id`),
  ADD KEY `abnormal_readings_depo_id_foreign` (`depo_id`);

--
-- Indexes for table `cache`
--
ALTER TABLE `cache`
  ADD PRIMARY KEY (`key`);

--
-- Indexes for table `cache_locks`
--
ALTER TABLE `cache_locks`
  ADD PRIMARY KEY (`key`);

--
-- Indexes for table `depos`
--
ALTER TABLE `depos`
  ADD PRIMARY KEY (`id`);

--
-- Indexes for table `failed_jobs`
--
ALTER TABLE `failed_jobs`
  ADD PRIMARY KEY (`id`),
  ADD UNIQUE KEY `failed_jobs_uuid_unique` (`uuid`);

--
-- Indexes for table `jobs`
--
ALTER TABLE `jobs`
  ADD PRIMARY KEY (`id`),
  ADD KEY `jobs_queue_index` (`queue`);

--
-- Indexes for table `job_batches`
--
ALTER TABLE `job_batches`
  ADD PRIMARY KEY (`id`);

--
-- Indexes for table `migrations`
--
ALTER TABLE `migrations`
  ADD PRIMARY KEY (`id`);

--
-- Indexes for table `notifications`
--
ALTER TABLE `notifications`
  ADD PRIMARY KEY (`id`),
  ADD KEY `notifications_type_created_at_index` (`type`,`created_at`),
  ADD KEY `notifications_is_read_target_audience_index` (`is_read`,`target_audience`);

--
-- Indexes for table `personal_access_tokens`
--
ALTER TABLE `personal_access_tokens`
  ADD PRIMARY KEY (`id`),
  ADD UNIQUE KEY `personal_access_tokens_token_unique` (`token`),
  ADD KEY `personal_access_tokens_tokenable_type_tokenable_id_index` (`tokenable_type`,`tokenable_id`),
  ADD KEY `personal_access_tokens_expires_at_index` (`expires_at`);

--
-- Indexes for table `reports`
--
ALTER TABLE `reports`
  ADD PRIMARY KEY (`id`),
  ADD UNIQUE KEY `reports_report_id_unique` (`report_id`),
  ADD KEY `reports_depo_id_foreign` (`depo_id`),
  ADD KEY `reports_report_id_index` (`report_id`),
  ADD KEY `reports_status_index` (`status`),
  ADD KEY `reports_kategori_index` (`kategori`);

--
-- Indexes for table `sensor_readings`
--
ALTER TABLE `sensor_readings`
  ADD PRIMARY KEY (`id`),
  ADD KEY `sensor_readings_depo_id_reading_time_index` (`depo_id`,`reading_time`),
  ADD KEY `sensor_readings_esp_id_index` (`esp_id`);

--
-- Indexes for table `users`
--
ALTER TABLE `users`
  ADD PRIMARY KEY (`id`),
  ADD UNIQUE KEY `users_email_unique` (`email`);

--
-- Indexes for table `volume_history`
--
ALTER TABLE `volume_history`
  ADD PRIMARY KEY (`id`),
  ADD KEY `volume_history_depo_id_recorded_at_index` (`depo_id`,`recorded_at`);

--
-- AUTO_INCREMENT for dumped tables
--

--
-- AUTO_INCREMENT for table `abnormal_readings`
--
ALTER TABLE `abnormal_readings`
  MODIFY `id` bigint(20) UNSIGNED NOT NULL AUTO_INCREMENT, AUTO_INCREMENT=8;

--
-- AUTO_INCREMENT for table `depos`
--
ALTER TABLE `depos`
  MODIFY `id` bigint(20) UNSIGNED NOT NULL AUTO_INCREMENT, AUTO_INCREMENT=8;

--
-- AUTO_INCREMENT for table `failed_jobs`
--
ALTER TABLE `failed_jobs`
  MODIFY `id` bigint(20) UNSIGNED NOT NULL AUTO_INCREMENT;

--
-- AUTO_INCREMENT for table `jobs`
--
ALTER TABLE `jobs`
  MODIFY `id` bigint(20) UNSIGNED NOT NULL AUTO_INCREMENT;

--
-- AUTO_INCREMENT for table `migrations`
--
ALTER TABLE `migrations`
  MODIFY `id` int(10) UNSIGNED NOT NULL AUTO_INCREMENT, AUTO_INCREMENT=14;

--
-- AUTO_INCREMENT for table `notifications`
--
ALTER TABLE `notifications`
  MODIFY `id` bigint(20) UNSIGNED NOT NULL AUTO_INCREMENT;

--
-- AUTO_INCREMENT for table `personal_access_tokens`
--
ALTER TABLE `personal_access_tokens`
  MODIFY `id` bigint(20) UNSIGNED NOT NULL AUTO_INCREMENT;

--
-- AUTO_INCREMENT for table `reports`
--
ALTER TABLE `reports`
  MODIFY `id` bigint(20) UNSIGNED NOT NULL AUTO_INCREMENT, AUTO_INCREMENT=4;

--
-- AUTO_INCREMENT for table `sensor_readings`
--
ALTER TABLE `sensor_readings`
  MODIFY `id` bigint(20) UNSIGNED NOT NULL AUTO_INCREMENT, AUTO_INCREMENT=251;

--
-- AUTO_INCREMENT for table `users`
--
ALTER TABLE `users`
  MODIFY `id` bigint(20) UNSIGNED NOT NULL AUTO_INCREMENT, AUTO_INCREMENT=3;

--
-- AUTO_INCREMENT for table `volume_history`
--
ALTER TABLE `volume_history`
  MODIFY `id` bigint(20) UNSIGNED NOT NULL AUTO_INCREMENT, AUTO_INCREMENT=393;

--
-- Constraints for dumped tables
--

--
-- Constraints for table `abnormal_readings`
--
ALTER TABLE `abnormal_readings`
  ADD CONSTRAINT `abnormal_readings_depo_id_foreign` FOREIGN KEY (`depo_id`) REFERENCES `depos` (`id`) ON DELETE CASCADE;

--
-- Constraints for table `reports`
--
ALTER TABLE `reports`
  ADD CONSTRAINT `reports_depo_id_foreign` FOREIGN KEY (`depo_id`) REFERENCES `depos` (`id`) ON DELETE CASCADE;

--
-- Constraints for table `sensor_readings`
--
ALTER TABLE `sensor_readings`
  ADD CONSTRAINT `sensor_readings_depo_id_foreign` FOREIGN KEY (`depo_id`) REFERENCES `depos` (`id`) ON DELETE CASCADE;

--
-- Constraints for table `volume_history`
--
ALTER TABLE `volume_history`
  ADD CONSTRAINT `volume_history_depo_id_foreign` FOREIGN KEY (`depo_id`) REFERENCES `depos` (`id`) ON DELETE CASCADE;
COMMIT;

/*!40101 SET CHARACTER_SET_CLIENT=@OLD_CHARACTER_SET_CLIENT */;
/*!40101 SET CHARACTER_SET_RESULTS=@OLD_CHARACTER_SET_RESULTS */;
/*!40101 SET COLLATION_CONNECTION=@OLD_COLLATION_CONNECTION */;
